{"cameraMode":{"drawMode":0,"name":"Shaded","section":"Shading Mode"},"sceneLighting":true,"audioPlay":false,"sceneViewState":{"m_AlwaysRefresh":false,"showFog":true,"showSkybox":true,"showFlares":true,"showImageEffects":true,"showParticleSystems":true,"showVisualEffectGraphs":true,"m_FxEnabled":true},"in2DMode":false,"pivot":{"x":0.5001204013824463,"y":2.0074470086228758e-8,"z":0.5426601767539978},"rotation":{"x":-0.005845385137945414,"y":-0.9909001588821411,"z":0.12642242014408112,"w":-0.04581526294350624},"size":2.9382216930389406,"orthographic":false}